{
  "cleanUrls": true,
  "trailingSlash": false,
  "headers": [
    {
      "source": "/(.*)",
      "headers": [
        {
          "key": "Cache-Control",
          "value": "public, max-age=3600"
        },
        {
          "key": "X-Content-Type-Options",
          "value": "nosniff"
        },
        {
          "key": "Referrer-Policy",
          "value": "strict-origin-when-cross-origin"
        },
        {
          "key": "Permissions-Policy",
          "value": "camera=(), microphone=(), geolocation=()"
        },
        {
          "key": "Content-Security-Policy",
          "value": "default-src 'self'; img-src 'self' data: blob:; style-src 'self' 'unsafe-inline'; script-src 'self'; connect-src 'self'; font-src 'self' data:;"
        }
      ]
    }
  ],
  "redirects": [
    {
      "source": "/admin",
      "destination": "/admin/admin.html",
      "permanent": false
    }
  ]
}